file,added,deleted,net,category,clean_included,commits_touched,binary_touches
drizzle/0000_nice_the_santerians.sql,831,0,831,config_build,true,2,0
drizzle/0001_glossy_the_spike.sql,25,0,25,config_build,true,1,0
drizzle/0002_overrated_infant_terrible.sql,0,12,-12,config_build,true,1,0
drizzle/0003_rapid_the_executioner.sql,0,1,-1,config_build,true,1,0
drizzle/0004_odd_angel.sql,0,143,-143,config_build,true,1,0
drizzle/0005_oc_semester_marks.sql,0,16,-16,config_build,true,1,0
drizzle/0006_add_inactive_oc_status.sql,0,1,-1,config_build,true,1,0
drizzle/0007_audit_log_upgrade.sql,0,32,-32,config_build,true,1,0
drizzle/0023_instructor_profile_subjects.sql,3,0,3,config_build,true,1,0
drizzle/0027_site_events_news.sql,13,0,13,config_build,true,1,0
drizzle/0028_site_footer.sql,3,0,3,config_build,true,1,0
drizzle/0029_interview_pending_ticker_settings.sql,18,0,18,config_build,true,1,0
drizzle/0030_preserve_jnu_enrollment_no.sql,6,0,6,config_build,true,1,0
drizzle/0031_platoon_cadet_appointments.sql,40,0,40,config_build,true,1,0
drizzle/0032_course_scoped_training_templates.sql,556,0,556,config_build,true,1,0
drizzle/0033_subject_phase_test_count.sql,6,0,6,config_build,true,1,0
drizzle/0035_restore_course_scoped_training_templates.sql,722,0,722,config_build,true,1,0
drizzle/0036_cadet_appointments.sql,80,0,80,config_build,true,1,0
drizzle/0037_dossier_lock_and_enrollment_semester.sql,26,0,26,config_build,true,1,0
drizzle/0038_reset_active_enrollment_semester_to_one.sql,4,0,4,config_build,true,1,0
drizzle/meta/_journal.json,95,53,42,generated_lock_artifact,false,12,0
drizzle/meta/0000_snapshot.json,3016,608,2408,generated_lock_artifact,false,1,0
drizzle/meta/0001_snapshot.json,5872,3921,1951,generated_lock_artifact,false,2,0
drizzle/meta/0002_snapshot.json,0,3921,-3921,generated_lock_artifact,false,1,0
drizzle/meta/0003_snapshot.json,0,3927,-3927,generated_lock_artifact,false,1,0
drizzle/meta/0004_snapshot.json,0,4881,-4881,generated_lock_artifact,false,1,0
next.config.ts,3,2,1,config_build,true,2,0
package.json,6,2,4,config_build,true,3,0
pnpm-lock.yaml,30,0,30,generated_lock_artifact,false,1,0
public/images/army_logo.jpeg,0,0,0,generated_lock_artifact,false,1,1
public/images/brigadier_logo.jpeg,0,0,0,generated_lock_artifact,false,1,1
public/images/eme_logo.jpeg,0,0,0,generated_lock_artifact,false,1,1
scripts/build-next.ts,40,0,40,config_build,true,2,0
scripts/db-baseline.ts,2,1,1,config_build,true,1,0
scripts/db-repair-course-offering-credits.ts,290,0,290,config_build,true,1,0
scripts/db-repair-olq-course-template.ts,2,1,1,config_build,true,1,0
scripts/db/export-schema-docs.ts,2,1,1,config_build,true,1,0
scripts/health-check.ts,2,1,1,config_build,true,1,0
scripts/package-runtime.ts,2,2,0,config_build,true,2,0
scripts/validate-action-map.ts,2,2,0,config_build,true,1,0
src/app/(auth)/login/page.tsx,28,18,10,production,true,3,0
src/app/(auth)/signup/page.tsx,1,1,0,production,true,1,0
src/app/api/v1/admin/appointments/[id]/route.ts,2,1,1,production,true,1,0
src/app/api/v1/admin/appointments/route.ts,46,7,39,production,true,2,0
src/app/api/v1/admin/courses/[courseId]/offerings/[offeringId]/route.ts,25,6,19,production,true,1,0
src/app/api/v1/admin/courses/[courseId]/offerings/route.ts,40,40,0,production,true,1,0
src/app/api/v1/admin/courses/[courseId]/route.ts,9,2,7,production,true,1,0
src/app/api/v1/admin/discipline/[id]/route.ts,71,0,71,production,true,2,0
src/app/api/v1/admin/discipline/route.ts,39,0,39,production,true,2,0
src/app/api/v1/admin/dossier-lock/route.ts,79,0,79,production,true,1,0
src/app/api/v1/admin/instructors/[id]/route.ts,10,0,10,production,true,1,0
src/app/api/v1/admin/instructors/route.ts,15,0,15,production,true,1,0
src/app/api/v1/admin/interview/pending/route.ts,654,71,583,production,true,4,0
src/app/api/v1/admin/interview/pending/ticker-setting/route.ts,147,4,143,production,true,2,0
src/app/api/v1/admin/interview/templates/copy/route.ts,90,0,90,production,true,2,0
src/app/api/v1/admin/interview/templates/route.ts,31,9,22,production,true,4,0
src/app/api/v1/admin/physical-training/motivation-fields/[id]/route.ts,20,4,16,production,true,2,0
src/app/api/v1/admin/physical-training/motivation-fields/route.ts,16,8,8,production,true,2,0
src/app/api/v1/admin/physical-training/templates/copy/route.ts,92,0,92,production,true,2,0
src/app/api/v1/admin/physical-training/templates/route.ts,15,7,8,production,true,3,0
src/app/api/v1/admin/physical-training/types/[typeId]/route.ts,16,6,10,production,true,2,0
src/app/api/v1/admin/physical-training/types/route.ts,16,8,8,production,true,2,0
src/app/api/v1/admin/positions/route.ts,20,4,16,production,true,1,0
src/app/api/v1/admin/relegation/promote-course/route.ts,4,3,1,production,true,1,0
src/app/api/v1/admin/site-settings/events-news/[id]/hard/route.ts,48,0,48,production,true,1,0
src/app/api/v1/admin/site-settings/events-news/[id]/route.ts,120,0,120,production,true,1,0
src/app/api/v1/admin/site-settings/events-news/route.ts,85,0,85,production,true,1,0
src/app/api/v1/admin/site-settings/footer/route.ts,121,0,121,production,true,1,0
src/app/api/v1/admin/subjects/[id]/route.ts,1,1,0,production,true,1,0
src/app/api/v1/admin/subjects/route.ts,2,0,2,production,true,1,0
src/app/api/v1/admin/training-camps/[campId]/route.ts,12,4,8,production,true,2,0
src/app/api/v1/admin/training-camps/copy/route.ts,92,0,92,production,true,2,0
src/app/api/v1/admin/training-camps/route.ts,23,7,16,production,true,3,0
src/app/api/v1/admin/training-camps/settings/route.ts,2,2,0,production,true,1,0
src/app/api/v1/admin/users/[id]/route.ts,7,4,3,production,true,1,0
src/app/api/v1/admin/users/route.ts,23,8,15,production,true,2,0
src/app/api/v1/auth/login/route.ts,63,73,-10,production,true,1,0
src/app/api/v1/auth/logout/route.ts,33,33,0,production,true,2,0
src/app/api/v1/dashboard/data/appointments/route.ts,101,2,99,production,true,3,0
src/app/api/v1/dashboard/data/course/route.ts,72,8,64,production,true,3,0
src/app/api/v1/dashboard/data/platoon/route.ts,42,0,42,production,true,1,0
src/app/api/v1/me/route.ts,30,12,18,production,true,3,0
src/app/api/v1/oc/_checks.ts,21,9,12,production,true,1,0
src/app/api/v1/oc/[ocId]/academics/[semester]/route.ts,9,9,0,production,true,2,0
src/app/api/v1/oc/[ocId]/academics/[semester]/subjects/[subjectId]/route.ts,9,9,0,production,true,2,0
src/app/api/v1/oc/[ocId]/academics/route.ts,2,3,-1,production,true,1,0
src/app/api/v1/oc/[ocId]/achievements/[id]/route.ts,4,4,0,production,true,1,0
src/app/api/v1/oc/[ocId]/autobiography/route.ts,5,4,1,production,true,1,0
src/app/api/v1/oc/[ocId]/club-achievements/[id]/route.ts,4,4,0,production,true,1,0
src/app/api/v1/oc/[ocId]/clubs/[id]/route.ts,4,4,0,production,true,1,0
src/app/api/v1/oc/[ocId]/counselling/[id]/route.ts,4,4,0,production,true,1,0
src/app/api/v1/oc/[ocId]/credit-for-excellence/[id]/route.ts,3,3,0,production,true,2,0
src/app/api/v1/oc/[ocId]/credit-for-excellence/route.ts,14,0,14,production,true,1,0
src/app/api/v1/oc/[ocId]/discipline/[id]/route.ts,4,4,0,production,true,1,0
src/app/api/v1/oc/[ocId]/dossier-filling/route.ts,106,4,102,production,true,2,0
src/app/api/v1/oc/[ocId]/dossier-inspection/route.ts,314,3,311,production,true,2,0
src/app/api/v1/oc/[ocId]/dossier-snapshot/route.ts,541,71,470,production,true,5,0
src/app/api/v1/oc/[ocId]/drill/[id]/route.ts,4,4,0,production,true,1,0
src/app/api/v1/oc/[ocId]/education/[id]/route.ts,4,4,0,production,true,1,0
src/app/api/v1/oc/[ocId]/family/[id]/route.ts,4,4,0,production,true,1,0
src/app/api/v1/oc/[ocId]/fpr/route.ts,66,1,65,production,true,4,0
src/app/api/v1/oc/[ocId]/images/complete/route.ts,3,3,0,production,true,1,0
src/app/api/v1/oc/[ocId]/images/presign/route.ts,3,3,0,production,true,1,0
src/app/api/v1/oc/[ocId]/images/route.ts,5,5,0,production,true,2,0
src/app/api/v1/oc/[ocId]/interviews/[interviewId]/route.ts,100,3,97,production,true,4,0
src/app/api/v1/oc/[ocId]/interviews/route.ts,99,3,96,production,true,4,0
src/app/api/v1/oc/[ocId]/medical-category/[id]/route.ts,4,4,0,production,true,1,0
src/app/api/v1/oc/[ocId]/medical/[id]/route.ts,5,5,0,production,true,1,0
src/app/api/v1/oc/[ocId]/motivation-awards/[id]/route.ts,8,8,0,production,true,2,0
src/app/api/v1/oc/[ocId]/obstacle-training/[id]/route.ts,8,8,0,production,true,2,0
src/app/api/v1/oc/[ocId]/olq/[id]/route.ts,2,2,0,production,true,1,0
src/app/api/v1/oc/[ocId]/olq/by-semester/route.ts,4,4,0,production,true,2,0
src/app/api/v1/oc/[ocId]/olq/categories/[categoryId]/route.ts,6,6,0,production,true,1,0
src/app/api/v1/oc/[ocId]/olq/categories/route.ts,5,5,0,production,true,2,0
src/app/api/v1/oc/[ocId]/olq/route.ts,1,1,0,production,true,1,0
src/app/api/v1/oc/[ocId]/olq/subtitles/route.ts,2,2,0,production,true,1,0
src/app/api/v1/oc/[ocId]/parent-comms/[id]/route.ts,5,5,0,production,true,1,0
src/app/api/v1/oc/[ocId]/performance-graph/route.ts,28,0,28,production,true,1,0
src/app/api/v1/oc/[ocId]/personal/route.ts,12,11,1,production,true,2,0
src/app/api/v1/oc/[ocId]/physical-training/route.ts,17,4,13,production,true,2,0
src/app/api/v1/oc/[ocId]/recording-leave-hike-detention/[id]/route.ts,4,4,0,production,true,1,0
src/app/api/v1/oc/[ocId]/route.ts,16,6,10,production,true,2,0
src/app/api/v1/oc/[ocId]/special-achievement-in-firing/[id]/route.ts,8,8,0,production,true,2,0
src/app/api/v1/oc/[ocId]/speed-march/[id]/route.ts,8,8,0,production,true,2,0
src/app/api/v1/oc/[ocId]/sports-and-games/[id]/route.ts,8,8,0,production,true,2,0
src/app/api/v1/oc/[ocId]/spr/route.ts,165,2,163,production,true,4,0
src/app/api/v1/oc/[ocId]/ssb/points/[id]/route.ts,4,4,0,production,true,1,0
src/app/api/v1/oc/[ocId]/ssb/route.ts,4,4,0,production,true,1,0
src/app/api/v1/oc/[ocId]/weapon-training/[id]/route.ts,8,8,0,production,true,2,0
src/app/api/v1/oc/academics/bulk/route.ts,7,7,0,production,true,1,0
src/app/api/v1/oc/bulk-upload/route.ts,2,2,0,production,true,1,0
src/app/api/v1/oc/physical-training/bulk/route.ts,22,9,13,production,true,3,0
src/app/api/v1/oc/route.ts,19,4,15,production,true,2,0
src/app/api/v1/pl-cdr/cadet-appointments/[id]/route.ts,244,0,244,production,true,2,0
src/app/api/v1/pl-cdr/cadet-appointments/[id]/transfer/route.ts,124,0,124,production,true,2,0
src/app/api/v1/pl-cdr/cadet-appointments/route.ts,182,0,182,production,true,2,0
src/app/api/v1/platoons/[idOrKey]/route.ts,13,0,13,production,true,1,0
src/app/api/v1/platoons/route.ts,30,1,29,production,true,1,0
src/app/api/v1/reports/academics/consolidated-sessional/download/route.ts,27,5,22,production,true,3,0
src/app/api/v1/reports/academics/consolidated-sessional/preview/route.ts,4,0,4,production,true,2,0
src/app/api/v1/reports/academics/final-result-compilation/download/route.ts,12,18,-6,production,true,2,0
src/app/api/v1/reports/academics/final-result-compilation/preview/route.ts,2,0,2,production,true,1,0
src/app/api/v1/reports/mil-training/physical-assessment/download/route.ts,7,3,4,production,true,1,0
src/app/api/v1/reports/mil-training/physical-assessment/preview/route.ts,2,1,1,production,true,1,0
src/app/api/v1/site-settings/events-news/route.ts,43,0,43,production,true,1,0
src/app/api/v1/site-settings/footer/route.ts,27,0,27,production,true,1,0
src/app/dashboard/[id]/milmgmt/camps/page.tsx,156,13,143,production,true,3,0
src/app/dashboard/[id]/milmgmt/club-detls/page.tsx,136,56,80,production,true,3,0
src/app/dashboard/[id]/milmgmt/comn-parents/page.tsx,1,1,0,production,true,1,0
src/app/dashboard/[id]/milmgmt/counselling/page.tsx,25,22,3,production,true,4,0
src/app/dashboard/[id]/milmgmt/credit-excellence/page.tsx,58,20,38,production,true,3,0
src/app/dashboard/[id]/milmgmt/detention/page.tsx,61,5,56,production,true,3,0
src/app/dashboard/[id]/milmgmt/discip-records/page.tsx,16,47,-31,production,true,3,0
src/app/dashboard/[id]/milmgmt/dossier-filling/page.tsx,41,13,28,production,true,2,0
src/app/dashboard/[id]/milmgmt/dossier-insp/page.tsx,2,2,0,production,true,2,0
src/app/dashboard/[id]/milmgmt/dossier-snapshot/page.tsx,15,45,-30,production,true,2,0
src/app/dashboard/[id]/milmgmt/final-performance/page.tsx,90,0,90,production,true,1,0
src/app/dashboard/[id]/milmgmt/hikes/page.tsx,12,2,10,production,true,2,0
src/app/dashboard/[id]/milmgmt/initial-interview/page.tsx,12,75,-63,production,true,1,0
src/app/dashboard/[id]/milmgmt/interview-term/page.tsx,11,69,-58,production,true,1,0
src/app/dashboard/[id]/milmgmt/interviews/page.tsx,166,4,162,production,true,2,0
src/app/dashboard/[id]/milmgmt/leave-record/page.tsx,12,3,9,production,true,2,0
src/app/dashboard/[id]/milmgmt/obstacle-trg/page.tsx,1,1,0,production,true,1,0
src/app/dashboard/[id]/milmgmt/overall-assessment/page.tsx,93,0,93,production,true,1,0
src/app/dashboard/[id]/milmgmt/page.tsx,245,49,196,production,true,7,0
src/app/dashboard/[id]/milmgmt/performance-graph/page.tsx,231,101,130,production,true,4,0
src/app/dashboard/[id]/milmgmt/pers-particulars/page.tsx,95,70,25,production,true,2,0
src/app/dashboard/[id]/milmgmt/physical-training/page.tsx,120,3,117,production,true,4,0
src/app/dashboard/[id]/milmgmt/semester-record/page.tsx,102,2,100,production,true,3,0
src/app/dashboard/[id]/milmgmt/speed-march/page.tsx,1,1,0,production,true,1,0
src/app/dashboard/[id]/milmgmt/sports-awards/page.tsx,167,168,-1,production,true,3,0
src/app/dashboard/[id]/milmgmt/ssb-reports/page.tsx,49,11,38,production,true,1,0
src/app/dashboard/[id]/milmgmt/wpn-trg/page.tsx,1,1,0,production,true,1,0
src/app/dashboard/genmgmt/academics/page.tsx,69,0,69,production,true,1,0
src/app/dashboard/genmgmt/appointmentmgmt/page.tsx,13,2,11,production,true,2,0
src/app/dashboard/genmgmt/approvalmgmt/page.tsx,20,5,15,production,true,2,0
src/app/dashboard/genmgmt/camps/page.tsx,741,19,722,production,true,6,0
src/app/dashboard/genmgmt/coursemgmt/[courseId]/offerings/page.tsx,25,9,16,production,true,4,0
src/app/dashboard/genmgmt/coursemgmt/page.tsx,64,22,42,production,true,6,0
src/app/dashboard/genmgmt/discipline-records/page.tsx,325,17,308,production,true,3,0
src/app/dashboard/genmgmt/instructors/page.tsx,8,4,4,production,true,2,0
src/app/dashboard/genmgmt/interviews-mgmt/[id]/page.tsx,8,4,4,production,true,2,0
src/app/dashboard/genmgmt/interviews-mgmt/page.tsx,327,30,297,production,true,6,0
src/app/dashboard/genmgmt/ocmgmt/page.tsx,12,5,7,production,true,4,0
src/app/dashboard/genmgmt/page.tsx,184,172,12,production,true,6,0
src/app/dashboard/genmgmt/platoon-management/page.tsx,9,2,7,production,true,2,0
src/app/dashboard/genmgmt/promotion-relegation/page.tsx,1,0,1,production,true,1,0
src/app/dashboard/genmgmt/promotion-relegation/promote-course/page.tsx,43,1,42,production,true,3,0
src/app/dashboard/genmgmt/promotion-relegation/relegation/page.tsx,42,0,42,production,true,2,0
src/app/dashboard/genmgmt/pt-mgmt/page.tsx,100,11,89,production,true,4,0
src/app/dashboard/genmgmt/punishments/page.tsx,8,4,4,production,true,2,0
src/app/dashboard/genmgmt/relegation/page.tsx,2,1,1,production,true,1,0
src/app/dashboard/genmgmt/settings/dossier-lock/page.tsx,15,0,15,production,true,1,0
src/app/dashboard/genmgmt/settings/marks-review-workflow/page.tsx,8,8,0,production,true,1,0
src/app/dashboard/genmgmt/settings/site/page.tsx,419,12,407,production,true,2,0
src/app/dashboard/genmgmt/subjectmgmt/page.tsx,93,9,84,production,true,4,0
src/app/dashboard/genmgmt/usersmgmt/page.tsx,3,2,1,production,true,2,0
src/app/dashboard/milmgmt/counselling/page.tsx,98,30,68,production,true,3,0
src/app/dashboard/milmgmt/credit-excellence/page.tsx,398,130,268,production,true,2,0
src/app/dashboard/milmgmt/discip-records/page.tsx,134,85,49,production,true,1,0
src/app/dashboard/milmgmt/obstacle-trg/page.tsx,477,321,156,production,true,5,0
src/app/dashboard/milmgmt/speed-march/page.tsx,371,309,62,production,true,4,0
src/app/dashboard/milmgmt/sports-awards/page.tsx,406,418,-12,production,true,2,0
src/app/dashboard/milmgmt/wpn-trg/page.tsx,180,140,40,production,true,2,0
src/app/dashboard/page.tsx,308,134,174,production,true,6,0
src/app/dashboard/settings/device/appointments/CadetAppointmentsSettingsPageClient.tsx,1222,0,1222,production,true,2,0
src/app/dashboard/settings/device/appointments/page.tsx,16,0,16,production,true,2,0
src/app/dashboard/settings/device/page.tsx,14,6,8,production,true,2,0
src/app/dashboard/settings/page.tsx,86,3,83,production,true,3,0
src/app/dashboard/settings/ticker/page.tsx,261,0,261,production,true,1,0
src/app/db/client.ts,2,1,1,production,true,1,0
src/app/db/connectionString.ts,27,0,27,production,true,1,0
src/app/db/drizzle.config.ts,2,1,1,production,true,1,0
src/app/db/index.ts,1,0,1,production,true,1,0
src/app/db/migrations/add_jnu_enrollment_no_to_oc_cadets.sql,2,0,2,config_build,true,1,0
src/app/db/queries/authz-permissions.ts,167,1,166,production,true,2,0
src/app/db/queries/cadet-appointments.ts,1086,0,1086,production,true,2,0
src/app/db/queries/courses.ts,3,0,3,production,true,1,0
src/app/db/queries/dossier-lock-settings.ts,85,0,85,production,true,1,0
src/app/db/queries/instructors.ts,3,0,3,production,true,1,0
src/app/db/queries/interview-pending-ticker-settings.ts,90,0,90,production,true,1,0
src/app/db/queries/interviewOc.ts,19,0,19,production,true,2,0
src/app/db/queries/interviewTemplates.ts,1593,5,1588,production,true,3,0
src/app/db/queries/oc-enrollments.ts,45,1,44,production,true,1,0
src/app/db/queries/oc.ts,161,22,139,production,true,8,0
src/app/db/queries/olq.ts,12,2,10,production,true,1,0
src/app/db/queries/performance-graph.ts,400,38,362,production,true,3,0
src/app/db/queries/performance-records.ts,518,12,506,production,true,5,0
src/app/db/queries/physicalTraining.ts,1220,22,1198,production,true,3,0
src/app/db/queries/physicalTrainingOc.ts,3,0,3,production,true,2,0
src/app/db/queries/rbac-admin.ts,6,0,6,production,true,1,0
src/app/db/queries/relegation.ts,127,107,20,production,true,1,0
src/app/db/queries/site-settings.ts,192,0,192,production,true,2,0
src/app/db/queries/subjects.ts,99,2,97,production,true,4,0
src/app/db/queries/trainingCamps.ts,531,5,526,production,true,2,0
src/app/db/schema/auth/dossierLockSettings.ts,17,0,17,production,true,1,0
src/app/db/schema/auth/interviewPendingTickerSettings.ts,18,0,18,production,true,1,0
src/app/db/schema/auth/siteSettings.ts,23,0,23,production,true,2,0
src/app/db/schema/training/cadetAppointments.ts,93,0,93,production,true,2,0
src/app/db/schema/training/dossierInspections.ts,13,0,13,production,true,1,0
src/app/db/schema/training/instructors.ts,4,0,4,production,true,1,0
src/app/db/schema/training/interviewTemplates.ts,10,4,6,production,true,2,0
src/app/db/schema/training/oc.ts,99,4,95,production,true,11,0
src/app/db/schema/training/ocRelegations.ts,3,1,2,production,true,1,0
src/app/db/schema/training/physicalTraining.ts,16,6,10,production,true,2,0
src/app/db/schema/training/subjects.ts,1,0,1,production,true,1,0
src/app/db/seeds/seedPermissionsFromExcel.ts,16,2,14,production,true,2,0
src/app/globals.css,31,0,31,production,true,2,0
src/app/lib/academic-marks-core.ts,21,0,21,production,true,1,0
src/app/lib/access-control-policy.ts,8,0,8,production,true,2,0
src/app/lib/acx/action-map.ts,351,10,341,production,true,9,0
src/app/lib/acx/engine.ts,12,0,12,production,true,1,0
src/app/lib/api/academics.ts,18,5,13,production,true,4,0
src/app/lib/api/academicsMarksApi.ts,17,4,13,production,true,4,0
src/app/lib/api/achievementApi.ts,9,2,7,production,true,1,0
src/app/lib/api/appointmentApi.ts,268,8,260,production,true,3,0
src/app/lib/api/campApi.ts,29,6,23,production,true,3,0
src/app/lib/api/cfeApi.ts,40,0,40,production,true,2,0
src/app/lib/api/clubApi.ts,16,3,13,production,true,1,0
src/app/lib/api/counsellingApi.ts,135,52,83,production,true,1,0
src/app/lib/api/disciplineApi.ts,45,0,45,production,true,3,0
src/app/lib/api/dossierFillingApi.ts,39,0,39,production,true,1,0
src/app/lib/api/dossierLockAdminApi.ts,25,0,25,production,true,1,0
src/app/lib/api/dossierSnapshotApi.ts,56,0,56,production,true,1,0
src/app/lib/api/drillApi.ts,9,2,7,production,true,1,0
src/app/lib/api/instructorsApi.ts,12,3,9,production,true,1,0
src/app/lib/api/interviewPendingTickerSettingsApi.ts,44,0,44,production,true,1,0
src/app/lib/api/Interviewtemplateapi.ts,68,3,65,production,true,3,0
src/app/lib/api/marksWorkflowApi.ts,4,0,4,production,true,1,0
src/app/lib/api/me.ts,6,0,6,production,true,2,0
src/app/lib/api/medCatApi.ts,38,12,26,production,true,2,0
src/app/lib/api/ocApi.ts,17,30,-13,production,true,3,0
src/app/lib/api/ocPersonalApi.ts,34,6,28,production,true,2,0
src/app/lib/api/offeringsApi.ts,1,0,1,production,true,1,0
src/app/lib/api/performanceGraphApi.ts,14,0,14,production,true,1,0
src/app/lib/api/performanceRecordsApi.ts,34,0,34,production,true,1,0
src/app/lib/api/Physicaltrainingapi.ts,153,17,136,production,true,3,0
src/app/lib/api/platoonCadetAppointmentsApi.ts,198,0,198,production,true,2,0
src/app/lib/api/relegationApi.ts,5,1,4,production,true,1,0
src/app/lib/api/reportsApi.ts,16,2,14,production,true,3,0
src/app/lib/api/reportsDownloadApi.ts,1,1,0,production,true,1,0
src/app/lib/api/siteSettingsAdminApi.ts,68,0,68,production,true,2,0
src/app/lib/api/sportsAndGamesApi.ts,0,1,-1,production,true,1,0
src/app/lib/api/ssbReportApi.ts,4,4,0,production,true,1,0
src/app/lib/api/subjectsApi.ts,3,0,3,production,true,1,0
src/app/lib/api/trainingCampActivitiesApi.ts,119,0,119,production,true,1,0
src/app/lib/api/trainingCampsApi.ts,213,3,210,production,true,4,0
src/app/lib/api/userApi.ts,9,0,9,production,true,1,0
src/app/lib/apiClient.ts,1,1,0,production,true,1,0
src/app/lib/interview-template-validators.ts,21,3,18,production,true,4,0
src/app/lib/marks-review-workflow.ts,9,0,9,production,true,2,0
src/app/lib/navigation/config.ts,0,8,-8,production,true,1,0
src/app/lib/oc-semester-write.ts,3,0,3,production,true,1,0
src/app/lib/oc-validators.ts,63,18,45,production,true,12,0
src/app/lib/performance-record-academics.ts,87,2,85,production,true,2,0
src/app/lib/performance-record-validators.ts,123,0,123,production,true,3,0
src/app/lib/physical-training-attempts.ts,20,0,20,production,true,1,0
src/app/lib/physical-training-validators.ts,27,2,25,production,true,3,0
src/app/lib/platoon-commander-auth.ts,96,0,96,production,true,2,0
src/app/lib/public-site-settings.ts,22,2,20,production,true,2,0
src/app/lib/rbac/permission-display.ts,13,0,13,production,true,3,0
src/app/lib/reports/pdf/pdf-engine.ts,2,1,1,production,true,1,0
src/app/lib/reports/pdf/templates/consolidated-sessional.ts,125,49,76,production,true,4,0
src/app/lib/reports/pdf/templates/final-result-compilation.ts,229,169,60,production,true,2,0
src/app/lib/reports/pdf/templates/pt-assessment.ts,251,185,66,production,true,1,0
src/app/lib/reports/pdf/templates/semester-grade.ts,2,2,0,production,true,1,0
src/app/lib/reports/report-data.ts,313,113,200,production,true,8,0
src/app/lib/reports/types.ts,5,0,5,production,true,1,0
src/app/lib/semester-marks.ts,53,23,30,production,true,3,0
src/app/lib/server-page-auth.ts,48,0,48,production,true,2,0
src/app/lib/setup-status.ts,100,20,80,production,true,3,0
src/app/lib/storage.ts,17,1,16,production,true,1,0
src/app/lib/training-camp-validators.ts,21,2,19,production,true,3,0
src/app/lib/validators.courses.ts,4,0,4,production,true,2,0
src/app/lib/validators.dossier-lock-settings.ts,7,0,7,production,true,1,0
src/app/lib/validators.interview-pending-ticker-settings.ts,51,0,51,production,true,1,0
src/app/lib/validators.relegation.ts,1,1,0,production,true,1,0
src/app/lib/validators.reports.ts,34,1,33,production,true,5,0
src/app/lib/validators.site-settings.ts,35,0,35,production,true,2,0
src/app/lib/validators.ts,47,0,47,production,true,3,0
src/app/page.tsx,3,5,-2,production,true,3,0
src/app/platoon/[platoonKey]/page.tsx,59,14,45,production,true,1,0
src/app/services/academic-grading-recalculate.ts,9,11,-2,production,true,1,0
src/app/services/marksReviewWorkflow.ts,21,6,15,production,true,2,0
src/app/services/oc-academics.ts,238,44,194,production,true,6,0
src/app/services/oc-performance-records.ts,615,32,583,production,true,4,0
src/app/services/performance-record.constants.ts,204,0,204,production,true,3,0
src/app/services/performance-record.conversion.ts,84,0,84,production,true,3,0
src/components/academics/AcademicsTabs.tsx,30,4,26,production,true,1,0
src/components/academics/AcademicTable.tsx,529,386,143,production,true,7,0
src/components/academics/bulkAcademicMarksImport.ts,305,0,305,production,true,1,0
src/components/academics/DynamicSemesterTable.tsx,58,60,-2,production,true,3,0
src/components/academics/ManageMarksPageContent.tsx,16,6,10,production,true,2,0
src/components/academics/SubjectWiseStudentsTable.tsx,624,203,421,production,true,6,0
src/components/appointments/AppointmentTable.tsx,237,25,212,production,true,1,0
src/components/appointments/createappointment.tsx,346,1,345,production,true,2,0
src/components/appointments/ServedHistoryTable.tsx,6,4,2,production,true,1,0
src/components/AppSidebar.tsx,63,10,53,production,true,3,0
src/components/auth/LoginPageClient.tsx,1,1,0,production,true,1,0
src/components/auth/SwitchUserModal.tsx,33,24,9,production,true,2,0
src/components/background_detls/EditableTable.tsx,77,59,18,production,true,1,0
src/components/background/AchievementsSection.tsx,136,107,29,production,true,2,0
src/components/background/AutobiographySection.tsx,152,69,83,production,true,4,0
src/components/background/EducationQualifications.tsx,160,133,27,production,true,2,0
src/components/background/FamilyBackground.tsx,160,131,29,production,true,2,0
src/components/cadet_table/SelectedCadetTable.tsx,90,50,40,production,true,5,0
src/components/camps/ActivitiesList.tsx,92,0,92,production,true,1,0
src/components/camps/ActivityDialog.tsx,60,0,60,production,true,1,0
src/components/camps/ActivityForm.tsx,116,0,116,production,true,1,0
src/components/camps/CampContent.tsx,509,22,487,production,true,4,0
src/components/camps/CampDialog.tsx,59,0,59,production,true,1,0
src/components/camps/CampForm.tsx,138,0,138,production,true,1,0
src/components/camps/campMarksTable.tsx,312,2,310,production,true,2,0
src/components/camps/campReviews.tsx,255,47,208,production,true,3,0
src/components/camps/CampsTable.tsx,134,0,134,production,true,1,0
src/components/camps/DeleteActivityDialog.tsx,55,0,55,production,true,1,0
src/components/camps/DeleteCampDialog.tsx,59,0,59,production,true,1,0
src/components/cards/DashboardCard.tsx,3,3,0,production,true,2,0
src/components/cfe/CfeForm.tsx,74,20,54,production,true,4,0
src/components/cfe/CfeTable.tsx,359,268,91,production,true,3,0
src/components/club_drill/AchievementsForm.tsx,8,5,3,production,true,1,0
src/components/club_drill/ClubForm.tsx,98,61,37,production,true,3,0
src/components/club_drill/DrillForm.tsx,151,89,62,production,true,3,0
src/components/counselling/CounsellingForm.tsx,3,18,-15,production,true,1,0
src/components/counselling/CounsellingTable.tsx,131,90,41,production,true,2,0
src/components/courses/CourseCard.tsx,15,9,6,production,true,1,0
src/components/courses/CourseFormModal.tsx,2,2,0,production,true,1,0
src/components/courses/CourseViewModal.tsx,124,3,121,production,true,2,0
src/components/Dashboard/Appointments.tsx,383,187,196,production,true,6,0
src/components/Dashboard/Courses.tsx,130,27,103,production,true,4,0
src/components/Dashboard/DashboardHomePageClient.tsx,1,23,-22,production,true,1,0
src/components/Dashboard/InterviewsPending.tsx,153,3,150,production,true,2,0
src/components/Dashboard/Marquee.tsx,67,7,60,production,true,3,0
src/components/Dashboard/MarqueeData.tsx,16,1,15,production,true,2,0
src/components/Dashboard/Platoons.tsx,121,27,94,production,true,4,0
src/components/discipline/DisciplineForm.tsx,39,54,-15,production,true,3,0
src/components/discipline/DisciplineTable.tsx,165,197,-32,production,true,2,0
src/components/dossier/{OfficerCadetForm.tsx => OfficerCadetFormComponent.tsx},0,0,0,production,true,1,0
src/components/dossier/DossierFillingForm.tsx,206,147,59,production,true,5,0
src/components/dossier/InspFormComponent.tsx,662,385,277,production,true,5,0
src/components/dossier/InspTable.tsx,293,24,269,production,true,2,0
src/components/dossier/OfficerCadetFormComponent.tsx,453,213,240,production,true,4,0
src/components/dossier/SemesterLockNotice.tsx,21,0,21,production,true,1,0
src/components/EventsNews.tsx,52,43,9,production,true,1,0
src/components/finalPerformance/FinalPerformanceRecord.tsx,314,202,112,production,true,5,0
src/components/genmgmt/DisciplineRecordsTable.tsx,113,0,113,production,true,1,0
src/components/genmgmt/DossierLockSettingsPageClient.tsx,150,0,150,production,true,1,0
src/components/genmgmt/GeneralManagementPageClient.tsx,9,0,9,production,true,1,0
src/components/genmgmt/ModuleAccessSettingsPageClient.tsx,1,1,0,production,true,1,0
src/components/genmgmt/OCForm.tsx,27,6,21,production,true,2,0
src/components/genmgmt/promotion-relegation/PromoteCourseCard.tsx,49,101,-52,production,true,1,0
src/components/genmgmt/promotion-relegation/PromotionRelegationCards.tsx,16,28,-12,production,true,2,0
src/components/genmgmt/promotion-relegation/RelegationHistoryTable.tsx,1,1,0,production,true,1,0
src/components/Hero.tsx,2,10,-8,production,true,2,0
src/components/hike/HikeForm.tsx,215,119,96,production,true,1,0
src/components/instructors/InstructorForm.tsx,123,3,120,production,true,1,0
src/components/instructors/InstructorsTable.tsx,29,1,28,production,true,1,0
src/components/interview-mgmt/template-detail/GroupFieldsDialog.tsx,3,3,0,production,true,1,0
src/components/interview-mgmt/template-detail/SectionFieldsDialog.tsx,3,3,0,production,true,1,0
src/components/interview-mgmt/template-detail/TemplateGroups.tsx,7,7,0,production,true,1,0
src/components/interview-mgmt/template-detail/TemplateSections.tsx,6,6,0,production,true,1,0
src/components/interview-mgmt/template-detail/TemplateSemesters.tsx,6,6,0,production,true,1,0
src/components/interview-term/InterviewTermTabs.tsx,347,101,246,production,true,6,0
src/components/interview-term/TermSubForm.tsx,477,279,198,production,true,7,0
src/components/interview/forms/CdrForm.tsx,191,123,68,production,true,3,0
src/components/interview/forms/DSCoordForm.tsx,190,123,67,production,true,3,0
src/components/interview/forms/DyCdrForm.tsx,191,121,70,production,true,3,0
src/components/interview/forms/PLCdrCombinedForm.tsx,181,133,48,production,true,3,0
src/components/interview/InterviewTabs.tsx,396,155,241,production,true,8,0
src/components/layout/BreadcrumbNav.tsx,20,5,15,production,true,2,0
src/components/layout/DashboardLayout.tsx,10,3,7,production,true,1,0
src/components/layout/PageHeader.tsx,40,9,31,production,true,5,0
src/components/layout/TableLayout.tsx,115,23,92,production,true,5,0
src/components/leave/LeaveForm.tsx,211,181,30,production,true,1,0
src/components/medical/MedicalCategorySection.tsx,26,16,10,production,true,1,0
src/components/medical/MedicalCategoryTable.tsx,182,94,88,production,true,1,0
src/components/medical/MedicalInfoForm.tsx,66,14,52,production,true,3,0
src/components/medical/MedicalInfoSection.tsx,65,18,47,production,true,1,0
src/components/medical/MedicalInfoTable.tsx,171,75,96,production,true,1,0
src/components/modals/OCSelectModal.tsx,57,14,43,production,true,2,0
src/components/Navbar.tsx,13,5,8,production,true,1,0
src/components/obstacle/ObstacleTrainingForm.tsx,106,64,42,production,true,1,0
src/components/oc/OCDetailsModal.tsx,73,59,14,production,true,4,0
src/components/oc/OCsTable.tsx,3,3,0,production,true,3,0
src/components/oc/UploadButton.tsx,31,3,28,production,true,2,0
src/components/offerings/OfferingDialog.tsx,10,2,8,production,true,1,0
src/components/offerings/OfferingForm.tsx,79,12,67,production,true,1,0
src/components/overall_assessment/Appointments.tsx,289,15,274,production,true,2,0
src/components/overall_assessment/OlqAssessment.tsx,426,132,294,production,true,4,0
src/components/overall_assessment/OverallPerformance.tsx,189,2,187,production,true,2,0
src/components/overall_assessment/Relegations.tsx,271,15,256,production,true,2,0
src/components/overall_assessment/Withdrawal.tsx,246,14,232,production,true,2,0
src/components/parent/ParentCommForm.tsx,2,2,0,production,true,1,0
src/components/parent/ParentCommTable.tsx,132,101,31,production,true,1,0
src/components/performance_graph/{Discpline.tsx => Discipline.tsx},32,12,20,production,true,1,0
src/components/performance_graph/Data.tsx,81,81,0,production,true,3,0
src/components/performance_graph/Discipline.tsx,283,267,16,production,true,4,0
src/components/performance_graph/Discpline.tsx,223,0,223,production,true,1,0
src/components/performance_graph/Graph.tsx,552,293,259,production,true,6,0
src/components/performance_graph/Med_Graph.tsx,487,219,268,production,true,3,0
src/components/performance_graph/ODT_Graph.tsx,562,303,259,production,true,7,0
src/components/performance_graph/OLQ_Graph.tsx,548,292,256,production,true,6,0
src/components/performance_graph/PerformanceGraphModal.tsx,160,15,145,production,true,2,0
src/components/performance_graph/PerformanceGraphs.tsx,44,14,30,production,true,2,0
src/components/pers/PersonalForm.tsx,2,2,0,production,true,1,0
src/components/physic-training/{Ipet1Form.tsx => IpetForm.tsx},95,56,39,production,true,1,0
src/components/physic-training/bulk/ptBulkScoreHelpers.ts,59,3,56,production,true,2,0
src/components/physic-training/bulk/PTBulkScoresTable.tsx,9,28,-19,production,true,2,0
src/components/physic-training/GrandTotal.tsx,85,16,69,production,true,2,0
src/components/physic-training/HigherTests.tsx,915,559,356,production,true,9,0
src/components/physic-training/Ipet1Form.tsx,373,110,263,production,true,3,0
src/components/physic-training/Ipet2Form.tsx,452,487,-35,production,true,4,0
src/components/physic-training/IpetForm.tsx,474,404,70,production,true,5,0
src/components/physic-training/MotivationAwards.tsx,284,123,161,production,true,4,0
src/components/physic-training/PhysicalForm.tsx,1281,847,434,production,true,10,0
src/components/physic-training/ptTableHelpers.ts,222,6,216,production,true,3,0
src/components/physic-training/Swimming.tsx,927,560,367,production,true,9,0
src/components/physic-training/Swimming1.tsx,381,417,-36,production,true,4,0
src/components/platoon/PlatoonForm.tsx,32,8,24,production,true,1,0
src/components/platoon/PlatoonsTable.tsx,1,1,0,production,true,1,0
src/components/platoon/PlatoonViewDialog.tsx,22,7,15,production,true,1,0
src/components/PlatoonsSection.tsx,20,16,4,production,true,2,0
src/components/providers/DeviceSiteSettingsProvider.tsx,6,1,5,production,true,1,0
src/components/pt-mgmt/Pttemplateview.tsx,386,96,290,production,true,2,0
src/components/relegation/RelegationForm.tsx,74,44,30,production,true,1,0
src/components/reports/cards/ConsolidatedSessionalCard.tsx,447,220,227,production,true,4,0
src/components/reports/cards/CourseWisePerformanceCard.tsx,10,8,2,production,true,1,0
src/components/reports/cards/FinalResultCompilationCard.tsx,142,104,38,production,true,2,0
src/components/reports/cards/PtAssessmentCard.tsx,135,53,82,production,true,1,0
src/components/reports/cards/SemesterGradeCard.tsx,70,3,67,production,true,2,0
src/components/semester-record/semesterForm.tsx,690,306,384,production,true,5,0
src/components/semester-record/semesterReviews.tsx,147,0,147,production,true,1,0
src/components/speedMarch/SpeedMarchForm.tsx,54,41,13,production,true,1,0
src/components/sports/SportsForm.tsx,2,1,1,production,true,1,0
src/components/sports/SportsTable.tsx,136,324,-188,production,true,3,0
src/components/ssb/SSBReportForm.tsx,220,146,74,production,true,4,0
src/components/subjects/SubjectCard.tsx,4,0,4,production,true,1,0
src/components/subjects/SubjectForm.tsx,23,1,22,production,true,1,0
src/components/Tabs/DossierTab.tsx,69,44,25,production,true,4,0
src/components/Tabs/GlobalTabs.tsx,73,23,50,production,true,3,0
src/components/ui/button.tsx,1,1,0,production,true,1,0
src/components/users/UserCard.tsx,15,9,6,production,true,1,0
src/components/users/UserFormDialog.tsx,10,2,8,production,true,2,0
src/components/wpnTrg/AchievementsForm.tsx,108,0,108,production,true,1,0
src/components/wpnTrg/WeaponTrainingForm.tsx,59,44,15,production,true,1,0
src/components/wpnTrg/WeaponTrainingTable.tsx,80,188,-108,production,true,2,0
src/config/app.config.ts,198,106,92,production,true,14,0
src/constants/app.constants.ts,108,95,13,production,true,3,0
src/constants/endpoints.ts,14,2,12,production,true,9,0
src/hooks/useAcademics.ts,7,2,5,production,true,1,0
src/hooks/useAchievementActions.ts,4,2,2,production,true,1,0
src/hooks/useAdminSiteSettings.ts,53,0,53,production,true,2,0
src/hooks/useAppointments.ts,321,55,266,production,true,2,0
src/hooks/useCampData.ts,55,8,47,production,true,3,0
src/hooks/useCfeRecords.ts,55,14,41,production,true,2,0
src/hooks/useClubActions.ts,5,3,2,production,true,2,0
src/hooks/useCounsellingRecords.ts,108,79,29,production,true,3,0
src/hooks/useDetentionActions.ts,28,1,27,production,true,1,0
src/hooks/useDisciplineRecordsAdmin.ts,94,1,93,production,true,2,0
src/hooks/useDossierFilling.ts,71,0,71,production,true,1,0
src/hooks/useDossierInspections.ts,137,0,137,production,true,1,0
src/hooks/useDossierSemesterRouting.ts,6,1,5,production,true,1,0
src/hooks/useDossierSnapshot.ts,87,1,86,production,true,2,0
src/hooks/useDrillActions.ts,6,1,5,production,true,1,0
src/hooks/useHigherTestTemplates.ts,72,0,72,production,true,1,0
src/hooks/useHikeActions.ts,8,1,7,production,true,1,0
src/hooks/useInterviewForms.ts,195,63,132,production,true,3,0
src/hooks/useInterviewPendingTickerSettings.ts,40,0,40,production,true,1,0
src/hooks/useInterviewTemplates.ts,1831,1204,627,production,true,10,0
src/hooks/useIpetTemplates.ts,72,0,72,production,true,1,0
src/hooks/useLeaveActions.ts,25,1,24,production,true,1,0
src/hooks/useMe.ts,2,1,1,production,true,1,0
src/hooks/useMedicalCategory.ts,1,1,0,production,true,1,0
src/hooks/useMotivationAwards.ts,129,0,129,production,true,1,0
src/hooks/useOcDetails.ts,8,9,-1,production,true,2,0
src/hooks/useOcPersonal.ts,5,2,3,production,true,2,0
src/hooks/useOCs.ts,2,2,0,production,true,1,0
src/hooks/usePhysicalTraining.ts,641,205,436,production,true,4,0
src/hooks/usePhysicalTrainingMgmt.ts,122,36,86,production,true,3,0
src/hooks/usePhysicalTrainingMotivationAwards.ts,200,0,200,production,true,1,0
src/hooks/usePlatoonCadetAppointments.ts,177,0,177,production,true,2,0
src/hooks/useReports.ts,20,4,16,production,true,3,0
src/hooks/useSsbReport.ts,2,0,2,production,true,1,0
src/hooks/useSwimmingTemplates.ts,72,0,72,production,true,1,0
src/hooks/useUsers.ts,7,2,5,production,true,1,0
src/lib/academics-practical.ts,63,0,63,production,true,1,0
src/lib/academics-theory.ts,73,0,73,production,true,1,0
src/lib/appointments/position-reuse.ts,30,0,30,production,true,1,0
src/lib/appointments/served-history.ts,26,0,26,production,true,1,0
src/lib/audit.ts,2,1,1,production,true,1,0
src/lib/auth/logout.ts,12,0,12,production,true,1,0
src/lib/currentUserSignature.ts,58,0,58,production,true,1,0
src/lib/dossier-lock-policy.ts,20,0,20,production,true,1,0
src/lib/dossier-semester.ts,10,0,10,production,true,1,0
src/lib/dossier-snapshot-photo.ts,8,0,8,production,true,1,0
src/lib/hikeValidation.ts,14,0,14,production,true,1,0
src/lib/interview-access.ts,477,1,476,production,true,2,0
src/lib/interview-pending-slots.ts,27,0,27,production,true,1,0
src/lib/interview-pending-ticker.ts,96,1,95,production,true,3,0
src/lib/interviewFieldUtils.ts,218,7,211,production,true,2,0
src/lib/interviewFormAutofill.ts,154,6,148,production,true,4,0
src/lib/interviewFormService.ts,572,113,459,production,true,4,0
src/lib/interviewTemplateLoader.ts,244,99,145,production,true,4,0
src/lib/interviewTemplateMatching.ts,496,13,483,production,true,3,0
src/lib/medical-access.ts,2,2,0,production,true,1,0
src/lib/oc-modal-scope.ts,2,0,2,production,true,1,0
src/lib/platoon-commander-access.ts,80,10,70,production,true,3,0
src/middleware.ts,11,0,11,production,true,1,0
src/store/slices/cfeRecordsSlice.ts,1,0,1,production,true,1,0
src/store/slices/initialInterviewSlice.ts,14,10,4,production,true,1,0
src/store/slices/ssbReportSlice.ts,13,2,11,production,true,1,0
src/store/slices/termInterviewSlice.ts,3,1,2,production,true,1,0
src/types/academicsTypes.ts,18,3,15,production,true,3,0
src/types/cadet.ts,3,0,3,production,true,1,0
src/types/cfe.ts,3,0,3,production,true,2,0
src/types/counselling.ts,1,1,0,production,true,1,0
src/types/dossierInsp.ts,2,1,1,production,true,1,0
src/types/dossierSnap.ts,3,3,0,production,true,1,0
src/types/interview-templates.ts,50,0,50,production,true,1,0
src/types/med-records.ts,7,7,0,production,true,1,0
src/types/obstacleTrg.ts,1,0,1,production,true,1,0
src/types/performanceGraph.ts,58,0,58,production,true,1,0
src/types/reports.ts,57,24,33,production,true,8,0
src/types/speedMarchRunback.ts,1,0,1,production,true,1,0
tests/api/admin.appointments-and-positions.test.ts,209,5,204,test,true,2,0
tests/api/admin.dossier-lock.test.ts,143,0,143,test,true,1,0
tests/api/admin.interview.pending.test.ts,152,3,149,test,true,2,0
tests/api/admin.interview.pending.ticker-setting.test.ts,205,3,202,test,true,3,0
tests/api/admin.interview.templates.test.ts,200,0,200,test,true,2,0
tests/api/admin.physical-training.templates.test.ts,90,0,90,test,true,1,0
tests/api/admin.site-settings.events-news.test.ts,156,0,156,test,true,1,0
tests/api/admin.site-settings.footer.test.ts,74,0,74,test,true,1,0
tests/api/admin.template-copy.test.ts,350,0,350,test,true,2,0
tests/api/admin.training-camps.settings.test.ts,136,0,136,test,true,1,0
tests/api/admin.training-camps.test.ts,116,0,116,test,true,1,0
tests/api/admin.users.[id].test.ts,112,0,112,test,true,1,0
tests/api/admin.users.test.ts,52,4,48,test,true,1,0
tests/api/auth.login.test.ts,28,25,3,test,true,1,0
tests/api/courses.[courseId].test.ts,23,3,20,test,true,1,0
tests/api/courses.offerings.test.ts,230,0,230,test,true,1,0
tests/api/coverage.manifest.ts,86,18,68,test,true,13,0
tests/api/dashboard.appointments.test.ts,420,0,420,test,true,2,0
tests/api/me.test.ts,105,2,103,test,true,3,0
tests/api/oc.[ocId].test.ts,131,6,125,test,true,2,0
tests/api/oc.academics.bulk.test.ts,113,5,108,test,true,2,0
tests/api/oc.academics.test.ts,20,2,18,test,true,1,0
tests/api/oc.dossier-inspection.test.ts,4,2,2,test,true,1,0
tests/api/oc.dossier-snapshot.test.ts,121,1,120,test,true,1,0
tests/api/oc.fpr.test.ts,37,0,37,test,true,1,0
tests/api/oc.interviews.[interviewId].test.ts,167,4,163,test,true,1,0
tests/api/oc.interviews.test.ts,212,0,212,test,true,1,0
tests/api/oc.list.test.ts,95,0,95,test,true,1,0
tests/api/oc.medical-category.test.ts,59,0,59,test,true,1,0
tests/api/oc.motivation-awards.[id].test.ts,13,11,2,test,true,1,0
tests/api/oc.obstacle-training.[id].test.ts,13,11,2,test,true,1,0
tests/api/oc.olq.score-course-validation.test.ts,6,0,6,test,true,1,0
tests/api/oc.olq.template-readonly.test.ts,3,3,0,test,true,1,0
tests/api/oc.physical-training.bulk.test.ts,69,6,63,test,true,3,0
tests/api/oc.physical-training.test.ts,135,0,135,test,true,2,0
tests/api/oc.semester-lock-derived.test.ts,1,0,1,test,true,1,0
tests/api/oc.special-achievement-in-firing.[id].test.ts,13,11,2,test,true,1,0
tests/api/oc.speed-march.[id].test.ts,13,11,2,test,true,1,0
tests/api/oc.sports-and-games.[id].test.ts,13,11,2,test,true,1,0
tests/api/oc.spr.test.ts,53,0,53,test,true,1,0
tests/api/oc.weapon-training.[id].test.ts,13,11,2,test,true,1,0
tests/api/pl-cdr.cadet-appointments.test.ts,534,0,534,test,true,2,0
tests/api/pl-cdr.route-flow.uncovered.test.ts,194,0,194,test,true,1,0
tests/api/public.site-settings.test.ts,41,0,41,test,true,2,0
tests/api/relegation.admin.test.ts,70,0,70,test,true,1,0
tests/api/reports.academics.consolidated-sessional.test.ts,83,6,77,test,true,4,0
tests/api/reports.academics.final-result-compilation.test.ts,229,1,228,test,true,2,0
tests/api/reports.mil-training.physical-assessment.test.ts,203,0,203,test,true,1,0
tests/api/reports.route-flow.uncovered.test.ts,5,0,5,test,true,1,0
tests/api/subjects.[id].test.ts,7,1,6,test,true,1,0
tests/api/subjects.test.ts,4,0,4,test,true,1,0
tests/lib/appointment-position-reuse.test.ts,53,0,53,test,true,1,0
tests/lib/appointment-served-history.test.ts,82,0,82,test,true,1,0
tests/lib/dossier-semester.test.ts,9,0,9,test,true,1,0
tests/lib/interview-access.test.ts,124,0,124,test,true,2,0
tests/lib/interview-form-autofill.test.ts,120,0,120,test,true,3,0
tests/lib/interview-pending-ticker.test.ts,50,1,49,test,true,2,0
tests/lib/medical-access.test.ts,12,2,10,test,true,1,0
tests/lib/middleware.access-control.test.ts,54,1,53,test,true,2,0
tests/lib/middleware.logout-rate-limit.test.ts,8,0,8,test,true,1,0
tests/lib/oc-modal-scope.test.ts,2,0,2,test,true,1,0
tests/lib/platoon-commander-access.test.ts,47,0,47,test,true,1,0
tests/lib/relegation-course-order.test.ts,15,1,14,test,true,1,0
tests/lib/semester-lock-notice.test.tsx,48,1,47,test,true,1,0
tests/lib/server-page-auth.test.ts,85,0,85,test,true,1,0
tests/lib/setup-status.runtime.test.ts,117,0,117,test,true,3,0
tests/lib/site-settings-fallbacks.test.ts,5,0,5,test,true,1,0
tests/unit/academic-marks-core.test.ts,25,0,25,test,true,1,0
tests/unit/academic-table-rows.test.ts,242,0,242,test,true,3,0
tests/unit/academics-practical.test.ts,34,0,34,test,true,1,0
tests/unit/acx/authz-permissions.test.ts,27,0,27,test,true,2,0
tests/unit/bulk-academic-marks-import.test.ts,132,0,132,test,true,1,0
tests/unit/consolidated-sessional-practical-preview.test.ts,145,0,145,test,true,1,0
tests/unit/consolidated-sessional-theory-preview.test.ts,148,0,148,test,true,1,0
tests/unit/final-result-compilation-preview.test.ts,363,0,363,test,true,2,0
tests/unit/marks-review-workflow.test.ts,27,2,25,test,true,2,0
tests/unit/oc-academics-legacy.test.ts,76,0,76,test,true,2,0
tests/unit/oc-semester-write-lock.test.ts,81,9,72,test,true,1,0
tests/unit/performance-record-academics.test.ts,116,1,115,test,true,2,0
tests/unit/pt-bulk-score-helpers.test.ts,22,0,22,test,true,1,0
tests/unit/semester-grade-preview.test.ts,148,0,148,test,true,1,0
tests/unit/template-copy-source-fallback.test.ts,133,0,133,test,true,1,0
tests/utils/generic-api-mocks.ts,27,5,22,test,true,1,0
tests/utils/uncovered-route-mocks.ts,2,0,2,test,true,1,0
tests/utils/uncovered-route-suite.ts,8,1,7,test,true,1,0
